city,state,population_2011,density_per_km2,workforce_participation_rate,literacy_rate,water_coverage_pct,sewerage_coverage_pct,health_facilities_per_100k,crime_rate_per_100k,green_space_pct,pm25_ug_m3,pm10_ug_m3,no2_ug_m3,poverty_rate_pct,waste_collection_pct,waste_treatment_pct,public_transport_score,road_quality_score,internet_access_pct,school_access_pct,slum_population_pct,gender_workforce_gap_pct,municipal_service_score,economic_density_score,governance_score,eoli_2020,mpi_2020,latitude,longitude,dataset_note,source_year,data_status
Mumbai,Maharashtra,12442373,31800,53.5,89.73,94,88,8.4,320,18.0,45.0,115.0,32.0,14.5,94,88,78,72,86,91,17.0,10.5,82,78,72,58.23,54.36,19.076,72.8777,Hybrid research/demo dataset: public anchors + constructed city-comparable proxies,2011/2020/2023-24 + constructed,PUBLIC_ANCHORS_AND_CONSTRUCTED
Delhi,Delhi,11034555,11300,51.5,87.59,96,93,10.0,650,14.5,110.0,210.0,52.0,15.5,98,90,80,67,88,94,18.5,12.5,79,82,69,57.56,,28.6139,77.209,Hybrid research/demo dataset: public anchors + constructed city-comparable proxies,2011/2020/2023-24 + constructed,PUBLIC_ANCHORS_AND_CONSTRUCTED
Bengaluru,Karnataka,8443675,11800,58.0,88.71,91,82,9.0,245,33.0,30.0,68.0,22.0,10.5,93,82,86,78,89,95,12.0,8.0,89,91,76,66.7,,12.9716,77.5946,Hybrid research/demo dataset: public anchors + constructed city-comparable proxies,2011/2020/2023-24 + constructed,PUBLIC_ANCHORS_AND_CONSTRUCTED
Hyderabad,Telangana,6731790,8500,56.0,83.26,91,84,8.4,240,31.0,42.0,92.0,27.0,11.8,94,86,84,75,86,91,14.0,9.0,86,88,74,55.4,,17.385,78.4867,Hybrid research/demo dataset: public anchors + constructed city-comparable proxies,2011/2020/2023-24 + constructed,PUBLIC_ANCHORS_AND_CONSTRUCTED
Ahmedabad,Gujarat,5577940,11700,55.0,88.29,94,89,8.2,255,27.0,55.0,105.0,31.0,10.8,96,91,80,77,87,93,12.0,7.8,91,89,73,64.87,57.6,23.0225,72.5714,Hybrid research/demo dataset: public anchors + constructed city-comparable proxies,2011/2020/2023-24 + constructed,PUBLIC_ANCHORS_AND_CONSTRUCTED
Chennai,Tamil Nadu,4646732,10000,54.5,90.18,95,87,9.0,190,24.0,32.0,72.0,24.0,10.0,96,88,83,80,90,94,11.0,7.0,88,86,75,62.61,,13.0827,80.2707,Hybrid research/demo dataset: public anchors + constructed city-comparable proxies,2011/2020/2023-24 + constructed,PUBLIC_ANCHORS_AND_CONSTRUCTED
Surat,Gujarat,4467797,14500,58.1,87.89,96,92,9.0,190,34.2,2.9,9.8,1.9,13.5,93,96,82,91,85,94,10.8,9.3,97,73,84,61.73,60.82,21.1702,72.8311,Hybrid research/demo dataset: public anchors + constructed city-comparable proxies,2011/2020/2023-24 + constructed,PUBLIC_ANCHORS_AND_CONSTRUCTED
Pune,Maharashtra,3124458,12500,56.8,89.56,95,91,8.9,210,32.5,38.0,82.0,27.0,9.5,95,89,84,83,91,95,10.0,6.8,92,90,77,66.27,58.79,18.5204,73.8567,Hybrid research/demo dataset: public anchors + constructed city-comparable proxies,2011/2020/2023-24 + constructed,PUBLIC_ANCHORS_AND_CONSTRUCTED
Indore,Madhya Pradesh,1964086,5000,55.7,87.38,92,88,8.0,175,41.5,28.0,70.0,21.0,12.8,98,97,82,89,83,92,8.0,6.5,98,85,88,58.58,66.08,22.7196,75.8577,Hybrid research/demo dataset: public anchors + constructed city-comparable proxies,2011/2020/2023-24 + constructed,PUBLIC_ANCHORS_AND_CONSTRUCTED
Bhopal,Madhya Pradesh,1798218,3900,53.8,82.26,90,84,7.6,160,45.2,32.0,78.0,23.0,13.0,96,94,79,85,80,88,9.5,7.2,94,82,85,56.26,59.04,23.2599,77.4126,Hybrid research/demo dataset: public anchors + constructed city-comparable proxies,2011/2020/2023-24 + constructed,PUBLIC_ANCHORS_AND_CONSTRUCTED
