feature,importance
literacy_rate,17.086938617657097
population_density,13.628431366141593
informal_settlement_pct,10.596497617683921
economic_density_score,9.668327967970807
population,6.079693256905801
pm25_ug_m3,5.258567871399912
pm10_ug_m3,5.111790282578529
healthcare_facilities_per_100k,4.38656473469731
poverty_rate_pct,4.252129114799187
water_coverage_pct,3.9072357778083084
governance_score,2.971360109196311
green_space_pct,2.620448560234623
sewerage_coverage_pct,2.5630827933379865
no2_ug_m3,2.1109903070372584
municipal_service_score,1.7976919595639396
public_transit_score,1.4253592860307511
gender_workforce_gap_pct,1.2387931277237354
workforce_participation_rate,1.17913693055718
crime_rate_per_100k,1.169996578691701
road_quality_score,1.073376944005565
school_access_pct,0.5816460257811683
waste_treatment_pct,0.41837926816936744
year,0.376207487806174
waste_collection_pct,0.29242653595181045
internet_access_pct,0.20492747826994412
