feature,mean_abs_shap
literacy_rate,1.036577052153395
economic_density_score,1.0172709905587345
population_density,0.8074918893016442
population,0.6886303933949379
informal_settlement_pct,0.6251804425788039
governance_score,0.42856418426296966
healthcare_facilities_per_100k,0.4095720523137526
water_coverage_pct,0.38469133806379097
pm25_ug_m3,0.3312194801627364
sewerage_coverage_pct,0.3173448241760677
poverty_rate_pct,0.3140342036890378
gender_workforce_gap_pct,0.2824030072596286
public_transit_score,0.2385327835499603
pm10_ug_m3,0.23645427962533608
workforce_participation_rate,0.20928593421238084
green_space_pct,0.20188645175115333
road_quality_score,0.16128367833321017
crime_rate_per_100k,0.15325734878162992
municipal_service_score,0.11868539191698853
no2_ug_m3,0.09385802647005911
waste_treatment_pct,0.08328693574253745
school_access_pct,0.07866659735570013
waste_collection_pct,0.04514203242556751
internet_access_pct,0.03484107288051683
year,0.025416550978169996
