feature,raw_value,shap_value,absolute_shap,direction
literacy_rate,93.24,1.9412671791185643,1.9412671791185643,positive
economic_density_score,83.51,1.8596966524018779,1.8596966524018779,positive
population,10642988.0,1.0269744318582854,1.0269744318582854,positive
informal_settlement_pct,8.04,0.8999732849111042,0.8999732849111042,positive
gender_workforce_gap_pct,38.01,0.8917611178584176,0.8917611178584176,positive
pm25_ug_m3,31.07,0.7073451302457126,0.7073451302457126,positive
workforce_participation_rate,43.99,0.5095449917706137,0.5095449917706137,positive
governance_score,69.01,0.38836150511840745,0.38836150511840745,positive
pm10_ug_m3,58.46,0.36392303883294663,0.36392303883294663,positive
population_density,15011.0,0.3298602685396684,0.3298602685396684,positive
healthcare_facilities_per_100k,55.13,0.2740586358916468,0.2740586358916468,positive
water_coverage_pct,89.68,0.26194272711224303,0.26194272711224303,positive
public_transit_score,56.27,0.25574147091230903,0.25574147091230903,positive
sewerage_coverage_pct,74.52,0.20757691661905464,0.20757691661905464,positive
poverty_rate_pct,1.67,0.20001883013784044,0.20001883013784044,positive
no2_ug_m3,21.5,0.19540796532550947,0.19540796532550947,positive
green_space_pct,12.41,0.1842089941933384,0.1842089941933384,positive
crime_rate_per_100k,463.44,0.12314230448946077,0.12314230448946077,positive
road_quality_score,65.93,0.09031875303128668,0.09031875303128668,positive
internet_access_pct,84.87,0.05292555392192977,0.05292555392192977,positive
year,2024.0,0.05104443617962778,0.05104443617962778,positive
waste_collection_pct,95.51,0.043310602081460835,0.043310602081460835,positive
waste_treatment_pct,58.01,-0.03192196300702899,0.03192196300702899,negative
municipal_service_score,71.11,-0.029687952791447526,0.029687952791447526,negative
school_access_pct,94.45,0.02372713410699586,0.02372713410699586,positive
